val_mIoU,val_F1,val_OA,epoch,step,train_mIoU,train_F1,train_OA
0.2542535142243684,0.5680471620126599,0.6021297755064787,0,199,,,
,,,0,199,0.20809488787620606,0.3057658704533524,0.5244128955146582
0.24963714772702023,0.4807255333425912,0.5921859529283312,1,399,,,
,,,1,399,0.27471660682053245,0.441931996756514,0.6070854389448246
0.2678047246672297,0.42850930668178006,0.6064158086423521,2,599,,,
,,,2,599,0.32979761085500314,0.5194826548922876,0.6518748682530989
0.34689205394557154,0.5376952211709612,0.6723623028507939,3,799,,,
,,,3,799,0.3629449981974493,0.5667115616560002,0.6739106596429287
