val_mIoU,val_F1,val_OA,epoch,step,train_mIoU,train_F1,train_OA
0.23697035960935364,0.4501772928093389,0.5816165270628753,0,199,,,
,,,0,199,0.21177623457783507,0.3102359667770915,0.5300478715511172
