val_mIoU,val_F1,val_OA,epoch,step,train_mIoU,train_F1,train_OA
0.2501565455238709,0.40249166587602575,0.6087463944046586,0,399,,,
,,,0,399,0.19467812701781995,0.2901136028246369,0.5047925610270891
